<?xml version="1.0" encoding="UTF-8"?><metadata>
    <idinfo>
        <citation>
            <citeinfo>
                <origin/>
                <pubdate>20120806</pubdate>
                <title>Public Schools in North Carolina</title>
                <geoform>vector digital data</geoform>
                <pubinfo>
                    <pubplace/>
                    <publish>NC Department of Public Instruction</publish>
                </pubinfo>
                <othercit>NCCGIA distributes this dataset</othercit>
                <onlink>http://data.nconemap.com</onlink>
            </citeinfo>
        </citation>
        <descript>
            <abstract>This dataset is an updated version of the 2008 dataset containing all public school locations in North Carolina. New schools were geocoded in ArcGIS 10 and merged with the existing dataset. Closed schools were removed,and existing attribute information was updated with current data. Some new fields were added, including designations for Pre-K, Elementary, Middle, High, and Early College schools. A review process was performed to move incorrect existing school points to new correct locations. Not all points were able to be individually reviewed,and may represent approximate school locations. This update was a collaborative effort among the Center for Geographic Information and Analysis, Institute for Transportation Research and Education, and NC Department of Public Instruction. Current school data was provided by NC DPI, using the Educational Directory and Demographical Information Exchange (EDDIE), found at http://apps.schools.nc.gov/eddie. ITRE used this dataset to conduct the update process, which included all steps of GIS analysis listed above. CGIA consulted on processing steps, lineage, and quality control to prepare the dataset for the NC OneMap Geospatial Portal.</abstract>
            <purpose>This data was created to assist governmental agencies and others in making resource management decisions through use of a Geographic Information System (GIS).</purpose>
            <supplinf>The description for the 2008 published datasets was as follows. CGIA developed this set of point locations for public schools in North Carolina as part of a project for the NC Division of Emergency Management. School data serves multiple purposes, but foremost for this project, public schools are vital facilities in terms of emergency management. Many schools serve as shelters and all are critical to hazard vulnerability planning and emergency response. CGIA used two methods to generate point locations for public schools. First, CGIA used a road network from GDT, Inc. with ArcView GIS to geocode the addresses. The initial process matched 60 percent of the schools with a point on the road network. Point locations are approximate, based on an interpolation of street numbers along street segments. Second, CGIA worked with the NC Department of Public Instruction to use the Transportation Information Management System (TIMS) to determine school locations. Many of these pointlocations are coincident with the center of school buildings on digital imagery or along driveways and may be more accurate than points located using the first method. Revisions and updates to this layer include: 9) filename: Public_Schools_NC Regular update. August 06, 2012. 8) filename: schlpl1208 Regular update. December 29, 2008. 7) filename: schlpl1107 Regular update. November 27, 2007. 6) filename: schlpl1206 Regular update. December 28, 2006. 5) filename: schlpl1104 Regular update. November 11, 2004. 4) filename: schlpl504 The 5/17/04 update: Points (from west to east) were verified/corrected using a backcover of the 1998 Color Infrared Orthophotography images. (Reviewed points will have a '1' in the reviewed item. Points that were moved willhave a 'yes' in the ptmoved item.) 3) filename: schlpl404 The 4/20/04 update: The following public school point locations were corrected:NORTHSIDE ELEMENTARY, PASQUOTANK CO HIGH. Correct locations were found on the greatschools.net website. 2) filename: schlpl703 Regular update. July 3, 2003. 1) filename: schlpl701 The 07/12/01 version was the first released version of this data.</supplinf>
        </descript>
        <timeperd>
            <timeinfo>
                <rngdates>
                    <begdate>19990823</begdate>
                    <enddate>20120806</enddate>
                </rngdates>
            </timeinfo>
            <current>Data creation and revision dates</current>
        </timeperd>
        <status>
            <progress>Complete</progress>
            <update>As needed</update>
        </status>
        <spdom>
            <bounding>
                <westbc>-84.310762</westbc>
                <eastbc>-75.497491</eastbc>
                <northbc>36.557152</northbc>
                <southbc>33.818065</southbc>
            </bounding>
        </spdom>
        <keywords>
            <theme>
                <themekt>ISO 19115 Topic Category</themekt>
                <themekey>Structure</themekey>
            </theme>
            <theme>
                <themekt>None</themekt>
                <themekey>Middle school</themekey>
                <themekey>High school</themekey>
                <themekey>Instruction</themekey>
                <themekey>Public</themekey>
                <themekey>Education</themekey>
                <themekey>Elementary school</themekey>
                <themekey>School</themekey>
                <themekey>Educational</themekey>
                <themekey>Public Schools</themekey>
                <themekey>Schools</themekey>
            </theme>
            <place>
                <placekt>William S. Powell, The North Carolina GAZETTEER, A Dictionary of Tar Heel Places, (Chapel Hill: University of North Carolina Press), August 1984.</placekt>
                <placekey>North Carolina</placekey>
            </place>
        </keywords>
        <accconst>None</accconst>
        <useconst>https://www.nconemap.gov/pages/terms</useconst>
        <ptcontac>
            <cntinfo>
                <cntorgp>
                    <cntorg>NC Department of Public Instruction</cntorg>
                    <cntper>Derek Graham</cntper>
                </cntorgp>
                <cntpos>Transportation Services Chief</cntpos>
                <cntaddr>
                    <addrtype>mailing</addrtype>
                    <address>301 N. Wilmington Steet</address>
                    <city>Raleigh</city>
                    <state>North Carolina</state>
                    <postal>27601-2825</postal>
                    <country>U.S.A.</country>
                </cntaddr>
                <cntvoice>(919) 807-3571</cntvoice>
                <cntfax>(919) 807-3578</cntfax>
                <cntemail>dgraham@dpi.state.nc.us</cntemail>
                <hours>8:00 am to 5:00 pm</hours>
                <cntinst>Preferred contact is by mail or telephone</cntinst>
            </cntinfo>
        </ptcontac>
        <datacred>NC Dept. of Public Instruction; Institute for Transportation Research and Education; North Carolina Center for Geographic Information and Analysis</datacred>
        <native>ESRI ArcGIS</native>
    </idinfo>
    <dataqual>
        <attracc>
            <attraccr>The attributes were loaded into the GIS from data supplied by the NC Dept. of Public Instruction. Minimal QC was performed on attributes during processing. The values in the Department of Public Instruction data are reliable.</attraccr>
        </attracc>
        <logic>The original pointfile was built for point topology using the "build" command with ESRI's ARC/INFO GIS software. Topology has not been edited since the last build or clean.</logic>
        <complete>The data represents those public schools which were either address matched using geocoding or matched manually using the best available techniques. This dataset contains all of the public school locations in North Carolina.</complete>
        <posacc>
            <horizpa>
                <horizpar>New school points were generated using geocoding in ArcGIS 10. All unmatched points were interactively matched using 2010 NC OneMap Orthoimagery, Google Maps, and/or individual school websites. Point locations for about half of existing schools were reviewed and moved if necessary. This was done using a layer of geocoded points from the current EDDIE data as reference. The geocode produced 82% matched addresses. A distance was calculated from the existing school points to the geocoded reference points to determine which existing points were most likely to require editing. 1115 of the 2594 points were reviewed and of those, 407 were moved from an incorrect to a correct location.</horizpar>
            </horizpa>
        </posacc>
        <lineage>
            <srcinfo>
                <srccite>
                    <citeinfo>
                        <origin/>
                        <pubdate>19860101</pubdate>
                        <title>Transportation Information Management System (TIMS)</title>
                        <geoform>map</geoform>
                        <pubinfo>
                            <pubplace/>
                            <publish>NC Department of Public Instruction</publish>
                        </pubinfo>
                        <othercit>Generated at NCCGIA</othercit>
                    </citeinfo>
                </srccite>
                <typesrc>onLine</typesrc>
                <srctime>
                    <timeinfo>
                        <rngdates>
                            <begdate>19990823</begdate>
                            <enddate>20081229</enddate>
                        </rngdates>
                    </timeinfo>
                    <srccurr>Original release date and revision date, respectively</srccurr>
                </srctime>
                <srccitea>None</srccitea>
                <srccontr>Locations of Schools by address</srccontr>
            </srcinfo>
            <procstep>
                <procdesc>Three main steps were involved in the update process: (1)Updating the dataset to reflect schools that have been added and closed, (2)Updating the attributes of all schools with the most current data, and (3)Performing quality control for existing school locations. Step(1) The most current school data was obtained through NCDPI's Educational Directory and Demographical Information Exchange (EDDIE) at http://apps.schools.nc.gov/eddie. In ArcMap, comparisons were made between the new and old data using the 6-digit school number to determine which schools had since been added and closed. The new schools were geocoded and all unmatched addresses were interactively matched using 2010 NC OneMap Orthoimagery, Google Maps, and/or individual school websites. The new school points were merged with the existing dataset and all closed schools were deleted. Step(2) The table from EDDIE with current school data was joined to the dataset to update attributes. Fields containing potentially outdated information were populated with current data from EDDIE. Several new fields were added to enhance the usability of the dataset. These include: SCH_DESIGNATION, SCH_CTYPE, EXT_HOURS, PRE_K, ELEM, MIDDLE, HIGH, EARLY_COLL, and COUNTY. Step(3) Point locations for already-existing schools were reviewed and moved to the correct location if necessary. In order to locate incorrect points more efficiently, a geocode was performed for all schools using the up-to-date addresses from EDDIE. An initial 82% match was generated, but no further interactive matching was performed since the the geocode was simply being used as a reference. A distance was then calculated from each existing school point to the nearest newly-geocoded point. Larger distances indicated schools whose geocoded point was either far away or unmatched. In both cases, larger distances correlated with incorrect existing school locations. All points with a distance over 1000 feet were reviewed and moved if necessary. As time allowed, smaller distances were reviewed. For incorrect school locations, the newly-geocoded points provided the correct location in about half of the cases. These references were made against the 2010 NC OneMap Orthoimagery. Google Maps and individual school websites were also used to find the correct locations for incorrectly-placed schools. Using this method, 1115 of the 2594 schools were reviewed and of those, 407 points were moved.</procdesc>
                <procdate>20120806</procdate>
                <proccont>
                    <cntinfo>
                        <cntorgp>
                            <cntorg>NC Center for Geographic Information and Analysis</cntorg>
                        </cntorgp>
                        <cntpos>Database Administrator</cntpos>
                        <cntaddr>
                            <addrtype>mailing</addrtype>
                            <address>20322 Mail Service Center</address>
                            <city>Raleigh</city>
                            <state>North Carolina</state>
                            <postal>27699</postal>
                            <country>U.S.A.</country>
                        </cntaddr>
                        <cntvoice>919-754-6580</cntvoice>
                        <cntfax>919-715-8551</cntfax>
                        <cntemail>dataq@its.nc.gov</cntemail>
                        <hours>8am to 5pm</hours>
                        <cntinst>Phone and electronic mail preferred</cntinst>
                    </cntinfo>
                </proccont>
            </procstep>
        </lineage>
    </dataqual>
    <spdoinfo>
        <indspref>_Method: None</indspref>
        <direct>Vector</direct>
        <ptvctinf>
            <sdtsterm>
                <sdtstype>Entity point</sdtstype>
                <ptvctcnt>0</ptvctcnt>
            </sdtsterm>
        </ptvctinf>
    </spdoinfo>
    <eainfo>
        <detailed>
            <enttyp>
                <enttypl>Public Schools</enttypl>
                <enttypd>Point locations of Public Schools in North Carolina</enttypd>
                <enttypds>NC Department of Public Instruction</enttypds>
            </enttyp>
            <attr>
                <attrlabl>OBJECTID</attrlabl>
                <attrdef>Internal feature number.</attrdef>
                <attrdefs>Esri</attrdefs>
                <attrdomv>
                                        
                    
                    <udom>Sequential unique whole numbers that are automatically generated.</udom>
                                        
                
                </attrdomv>
            </attr>
            <attr>
                <attrlabl>SHAPE</attrlabl>
                <attrdef>Feature geometry.</attrdef>
                <attrdefs>ESRI</attrdefs>
                <attrdomv>
                                        
                    
                    <udom>Coordinates defining the features.</udom>
                                        
                
                </attrdomv>
            </attr>
            <attr>
                <attrlabl>LEA_SCHOOL</attrlabl>
                <attrdef>
Unique 6-digit school identification number
LEA stands for 'Local Education Agency.  This is synonymous
with a local school system or a local school district, indicating
that a public board of education or other public authority
maintains administrative control of the public schools in a
city or county.  (Definition from Public Schools of NC website.)
</attrdef>
                <attrdefs>NC Department of Public Instruction</attrdefs>
                <attrdomv>
                                        
                    
                    <udom>Unique schools identification numbers vary</udom>
                                        
                
                </attrdomv>
                <attrmfrq>None planned</attrmfrq>
            </attr>
            <attr>
                <attrlabl>PTMOVED</attrlabl>
                <attrdef>Tracking of points moved during CGIA editing process</attrdef>
                <attrdefs>NCCGIA</attrdefs>
                <attrdomv>
                                        
                    
                    <edom>
                                                
                        
                        <edomv>(blank)</edomv>
                                                
                        
                        <edomvd>Point was not moved (either has been verified or has not yet been reviewed)</edomvd>
                                                
                        
                        <edomvds>NCCGIA</edomvds>
                                                
                    
                    </edom>
                                        
                
                </attrdomv>
                <attrdomv>
                                        
                    
                    <edom>
                                                
                        
                        <edomv>yes, 2008</edomv>
                                                
                        
                        <edomvd>Point was moved in 2008 during the previous update</edomvd>
                                                
                        
                        <edomvds>NCCGIA</edomvds>
                                                
                    
                    </edom>
                                        
                
                </attrdomv>
                <attrdomv>
                                        
                    
                    <edom>
                                                
                        
                        <edomv>yes, 2012</edomv>
                                                
                        
                        <edomvd>Point was moved in 2012</edomvd>
                                                
                        
                        <edomvds>NCCGIA</edomvds>
                                                
                    
                    </edom>
                                        
                
                </attrdomv>
                <attrmfrq>As needed</attrmfrq>
            </attr>
            <attr>
                <attrlabl>COMMENTS</attrlabl>
                <attrdef>Comments made by CGIA or ITRE during editing process</attrdef>
                <attrdefs>NCCGIA</attrdefs>
                <attrdomv>
                                        
                    
                    <udom>Comments vary</udom>
                                        
                
                </attrdomv>
                <attrmfrq>As needed</attrmfrq>
            </attr>
            <attr>
                <attrlabl>REVIEWED</attrlabl>
                <attrdef>Tracking of points reviewed during CGIA editing process in 2012 or earlier</attrdef>
                <attrdefs>NCCGIA</attrdefs>
                <attrdomv>
                                        
                    
                    <edom>
                                                
                        
                        <edomv>1</edomv>
                                                
                        
                        <edomvd>Point has been reviewed</edomvd>
                                                
                        
                        <edomvds>NCCGIA</edomvds>
                                                
                    
                    </edom>
                                        
                
                </attrdomv>
                <attrdomv>
                                        
                    
                    <edom>
                                                
                        
                        <edomv>(blank)</edomv>
                                                
                        
                        <edomvd>Point has not yet been reviewed</edomvd>
                                                
                        
                        <edomvds>NCCGIA</edomvds>
                                                
                    
                    </edom>
                                        
                
                </attrdomv>
                <attrmfrq>As needed</attrmfrq>
            </attr>
            <attr>
                <attrlabl>SCHOOL_NAM</attrlabl>
                <attrdef>School name</attrdef>
                <attrdefs>NC Department of Public Instruction</attrdefs>
                <attrdomv>
                                        
                    
                    <udom>School names vary</udom>
                                        
                
                </attrdomv>
                <attrmfrq>As needed</attrmfrq>
            </attr>
            <attr>
                <attrlabl>PRINCIPAL</attrlabl>
                <attrdef>Name of school principal</attrdef>
                <attrdefs>NC Department of Public Instruction</attrdefs>
                <attrdomv>
                                        
                    
                    <udom>School principal names vary</udom>
                                        
                
                </attrdomv>
                <attrmfrq>As needed</attrmfrq>
            </attr>
            <attr>
                <attrlabl>STREET_LON</attrlabl>
                <attrdef>Physical address of school (long version)</attrdef>
                <attrdefs>NC Department of Public Instruction</attrdefs>
                <attrdomv>
                                        
                    
                    <udom>Addresses of schools vary</udom>
                                        
                
                </attrdomv>
                <attrmfrq>As needed</attrmfrq>
            </attr>
            <attr>
                <attrlabl>PHYS_ADDR</attrlabl>
                <attrdef>Physical address of school (with some abbreviations)</attrdef>
                <attrdefs>NC Department of Public Instruction</attrdefs>
                <attrdomv>
                                        
                    
                    <udom>Addresses of schools vary</udom>
                                        
                
                </attrdomv>
                <attrmfrq>As needed</attrmfrq>
            </attr>
            <attr>
                <attrlabl>PHYS_CITY</attrlabl>
                <attrdef>Physical city in which school is located</attrdef>
                <attrdefs>NC Department of Public Instruction</attrdefs>
                <attrdomv>
                                        
                    
                    <udom>City names vary</udom>
                                        
                
                </attrdomv>
                <attrmfrq>As needed</attrmfrq>
            </attr>
            <attr>
                <attrlabl>PHYS_ZIP</attrlabl>
                <attrdef>Physical zip code in which school is located</attrdef>
                <attrdefs>NC Department of Public Instruction</attrdefs>
                <attrdomv>
                                        
                    
                    <udom>Physical zip codes vary</udom>
                                        
                
                </attrdomv>
                <attrmfrq>As needed</attrmfrq>
            </attr>
            <attr>
                <attrlabl>PHONE</attrlabl>
                <attrdef>Phone number of school</attrdef>
                <attrdefs>NC Department of Public Instruction</attrdefs>
                <attrdomv>
                                        
                    
                    <udom>Phone numbers vary</udom>
                                        
                
                </attrdomv>
                <attrmfrq>As needed</attrmfrq>
            </attr>
            <attr>
                <attrlabl>MAIL_ADDR</attrlabl>
                <attrdef>Mailing address of school; if mailing adress is the same as physical address, then physical address is listed</attrdef>
                <attrdefs>NC Department of Public Instruction</attrdefs>
                <attrdomv>
                                        
                    
                    <udom>Addresses of schools vary</udom>
                                        
                
                </attrdomv>
                <attrmfrq>As needed</attrmfrq>
            </attr>
            <attr>
                <attrlabl>MAIL_CITY</attrlabl>
                <attrdef>Mailing city of school</attrdef>
                <attrdefs>NC Department of Public Instruction</attrdefs>
                <attrdomv>
                                        
                    
                    <udom>City names vary</udom>
                                        
                
                </attrdomv>
                <attrmfrq>As needed</attrmfrq>
            </attr>
            <attr>
                <attrlabl>MAIL_ZIP</attrlabl>
                <attrdef>Mailing zip code of school</attrdef>
                <attrdefs>NC Department of Public Instruction</attrdefs>
                <attrdomv>
                                        
                    
                    <udom>Zip codes vary</udom>
                                        
                
                </attrdomv>
                <attrmfrq>As needed</attrmfrq>
            </attr>
            <attr>
                <attrlabl>FAX</attrlabl>
                <attrdef>Facsimile number of school</attrdef>
                <attrdefs>NC Department of Public Instruction</attrdefs>
                <attrdomv>
                                        
                    
                    <udom>Facsimile numbers vary</udom>
                                        
                
                </attrdomv>
                <attrmfrq>As needed</attrmfrq>
            </attr>
            <attr>
                <attrlabl>URL_ADDRES</attrlabl>
                <attrdef>School URL address</attrdef>
                <attrdefs>NC Department of Public Instruction</attrdefs>
                <attrdomv>
                                        
                    
                    <udom>URLs vary.</udom>
                                        
                
                </attrdomv>
                <attrmfrq>As needed</attrmfrq>
            </attr>
            <attr>
                <attrlabl>COUNTY</attrlabl>
                <attrdef>County name</attrdef>
                <attrdefs>ITRE</attrdefs>
                <attrdomv>
                                        
                    
                    <udom>County names vary</udom>
                                        
                
                </attrdomv>
                <attrmfrq>As needed</attrmfrq>
            </attr>
            <attr>
                <attrlabl>ACCR_STAT</attrlabl>
                <attrdef>Accreditation status</attrdef>
                <attrdefs>NC Department of Public Instruction</attrdefs>
                <attrdomv>
                                        
                    
                    <edom>
                                                
                        
                        <edomv>SA</edomv>
                                                
                        
                        <edomvd>Is accredited (by Southern Assoc. of College &amp; Schools)</edomvd>
                                                
                        
                        <edomvds>NC Department of Public Instruction</edomvds>
                                                
                    
                    </edom>
                                        
                
                </attrdomv>
                <attrdomv>
                                        
                    
                    <edom>
                                                
                        
                        <edomv>(blank)</edomv>
                                                
                        
                        <edomvd>Is not accredited</edomvd>
                                                
                        
                        <edomvds>NC Department of Public Instruction</edomvds>
                                                
                    
                    </edom>
                                        
                
                </attrdomv>
                <attrmfrq>As needed</attrmfrq>
            </attr>
            <attr>
                <attrlabl>SCH_DESG</attrlabl>
                <attrdef>School designation type</attrdef>
                <attrdefs>NC Department of Public Instruction</attrdefs>
                <attrdomv>
                                        
                    
                    <edom>
                                                
                        
                        <edomv>Charter</edomv>
                                                
                        
                        <edomvd>Charter School</edomvd>
                                                
                        
                        <edomvds>NC Department of Public Instruction</edomvds>
                                                
                    
                    </edom>
                                        
                
                </attrdomv>
                <attrdomv>
                                        
                    
                    <edom>
                                                
                        
                        <edomv>Federal</edomv>
                                                
                        
                        <edomvd>Federal school</edomvd>
                                                
                        
                        <edomvds>NC Department of Public Instruction</edomvds>
                                                
                    
                    </edom>
                                        
                
                </attrdomv>
                <attrdomv>
                                        
                    
                    <edom>
                                                
                        
                        <edomv>Other</edomv>
                                                
                        
                        <edomvd>School designation other than charter, public, or federal</edomvd>
                                                
                        
                        <edomvds>NC Department of Public Instruction</edomvds>
                                                
                    
                    </edom>
                                        
                
                </attrdomv>
                <attrdomv>
                                        
                    
                    <edom>
                                                
                        
                        <edomv>Public</edomv>
                                                
                        
                        <edomvd>Public school</edomvd>
                                                
                        
                        <edomvds>NC Department of Public Instruction</edomvds>
                                                
                    
                    </edom>
                                        
                
                </attrdomv>
                <attrmfrq>As needed</attrmfrq>
            </attr>
            <attr>
                <attrlabl>SCH_TYPE</attrlabl>
                <attrdef>School type</attrdef>
                <attrdefs>NC Department of Public Instruction</attrdefs>
                <attrdomv>
                                        
                    
                    <edom>
                                                
                        
                        <edomv>Alternative Education</edomv>
                                                
                        
                        <edomvd>Alternative Education School</edomvd>
                                                
                        
                        <edomvds>NC Department of Public Instruction</edomvds>
                                                
                    
                    </edom>
                                        
                
                </attrdomv>
                <attrdomv>
                                        
                    
                    <edom>
                                                
                        
                        <edomv>Exceptional Children</edomv>
                                                
                        
                        <edomvd>Exceptional Children school</edomvd>
                                                
                        
                        <edomvds>NC Department of Public Instruction</edomvds>
                                                
                    
                    </edom>
                                        
                
                </attrdomv>
                <attrdomv>
                                        
                    
                    <edom>
                                                
                        
                        <edomv>Regular School</edomv>
                                                
                        
                        <edomvd>Regular School</edomvd>
                                                
                        
                        <edomvds>NC Department of Public Instruction</edomvds>
                                                
                    
                    </edom>
                                        
                
                </attrdomv>
                <attrdomv>
                                        
                    
                    <edom>
                                                
                        
                        <edomv>Vocational Education</edomv>
                                                
                        
                        <edomvd>Vocational Education school</edomvd>
                                                
                        
                        <edomvds>NC Department of Public Instruction</edomvds>
                                                
                    
                    </edom>
                                        
                
                </attrdomv>
                <attrmfrq>As needed</attrmfrq>
            </attr>
            <attr>
                <attrlabl>SCH_PTYPE</attrlabl>
                <attrdef>School program type</attrdef>
                <attrdefs>NC Department of Public Instruction</attrdefs>
                <attrdomv>
                                        
                    
                    <edom>
                                                
                        
                        <edomv>Cooperative Innovative HS</edomv>
                                                
                        
                        <edomvd>Cooperative Innovative High School</edomvd>
                                                
                        
                        <edomvds>NC Department of Public Instruction</edomvds>
                                                
                    
                    </edom>
                                        
                
                </attrdomv>
                <attrdomv>
                                        
                    
                    <edom>
                                                
                        
                        <edomv>Early College</edomv>
                                                
                        
                        <edomvd>Early College</edomvd>
                                                
                        
                        <edomvds>NC Department of Public Instruction</edomvds>
                                                
                    
                    </edom>
                                        
                
                </attrdomv>
                <attrdomv>
                                        
                    
                    <edom>
                                                
                        
                        <edomv>Hospital</edomv>
                                                
                        
                        <edomvd>Hospital school</edomvd>
                                                
                        
                        <edomvds>NC Department of Public Instruction</edomvds>
                                                
                    
                    </edom>
                                        
                
                </attrdomv>
                <attrdomv>
                                        
                    
                    <edom>
                                                
                        
                        <edomv>Magnet</edomv>
                                                
                        
                        <edomvd>Magnet school</edomvd>
                                                
                        
                        <edomvds>NC Department of Public Instruction</edomvds>
                                                
                    
                    </edom>
                                        
                
                </attrdomv>
                <attrdomv>
                                        
                    
                    <edom>
                                                
                        
                        <edomv>None</edomv>
                                                
                        
                        <edomvd>No special program present</edomvd>
                                                
                        
                        <edomvds>NC Department of Public Instruction</edomvds>
                                                
                    
                    </edom>
                                        
                
                </attrdomv>
                <attrmfrq>As needed</attrmfrq>
            </attr>
            <attr>
                <attrlabl>SCH_CTYPE</attrlabl>
                <attrdef>School calendar type</attrdef>
                <attrdefs>NC Department of Public Instruction</attrdefs>
                <attrdomv>
                                        
                    
                    <edom>
                                                
                        
                        <edomv>Modified</edomv>
                                                
                        
                        <edomvd>Modified year round calendar</edomvd>
                                                
                        
                        <edomvds>NC Department of Public Instruction</edomvds>
                                                
                    
                    </edom>
                                        
                
                </attrdomv>
                <attrdomv>
                                        
                    
                    <edom>
                                                
                        
                        <edomv>Traditional</edomv>
                                                
                        
                        <edomvd>Traditional Calendar</edomvd>
                                                
                        
                        <edomvds>NC Department of Public Instruction</edomvds>
                                                
                    
                    </edom>
                                        
                
                </attrdomv>
                <attrdomv>
                                        
                    
                    <edom>
                                                
                        
                        <edomv>Traditional and Year Round calendar</edomv>
                                                
                        
                        <edomvd>Traditional and Year Round calendar</edomvd>
                                                
                        
                        <edomvds>NC Department of Public Instruction</edomvds>
                                                
                    
                    </edom>
                                        
                
                </attrdomv>
                <attrdomv>
                                        
                    
                    <edom>
                                                
                        
                        <edomv>Year Round</edomv>
                                                
                        
                        <edomvd>Year round calendar</edomvd>
                                                
                        
                        <edomvds>NC Department of Public Instruction</edomvds>
                                                
                    
                    </edom>
                                        
                
                </attrdomv>
                <attrdomv>
                                        
                    
                    <edom>
                                                
                        
                        <edomv>(blank)</edomv>
                                                
                        
                        <edomvd>No school calendar type listed in source data</edomvd>
                                                
                        
                        <edomvds>NC Department of Public Instruction</edomvds>
                                                
                    
                    </edom>
                                        
                
                </attrdomv>
                <attrmfrq>As needed</attrmfrq>
            </attr>
            <attr>
                <attrlabl>EXT_HOURS</attrlabl>
                <attrdef>Extended Hours</attrdef>
                <attrdefs>NC Department of Public Instruction</attrdefs>
                <attrdomv>
                                        
                    
                    <edom>
                                                
                        
                        <edomv>1</edomv>
                                                
                        
                        <edomvd>School has extended hours</edomvd>
                                                
                        
                        <edomvds>NC Department of Public Instruction</edomvds>
                                                
                    
                    </edom>
                                        
                
                </attrdomv>
                <attrdomv>
                                        
                    
                    <edom>
                                                
                        
                        <edomv>"-"</edomv>
                                                
                        
                        <edomvd>School does not have extended hours</edomvd>
                                                
                        
                        <edomvds>NC Department of Public Instruction</edomvds>
                                                
                    
                    </edom>
                                        
                
                </attrdomv>
                <attrmfrq>As needed</attrmfrq>
            </attr>
            <attr>
                <attrlabl>NUM_TEACH</attrlabl>
                <attrdef>Number of teachers</attrdef>
                <attrdefs>NC Department of Public Instruction</attrdefs>
                <attrdomv>
                                        
                    
                    <udom>Number of teachers vary</udom>
                                        
                
                </attrdomv>
                <attrmfrq>As needed</attrmfrq>
            </attr>
            <attr>
                <attrlabl>BGN_GRADE</attrlabl>
                <attrdef>Beginning grade of school</attrdef>
                <attrdefs>NC Department of Public Instruction</attrdefs>
                <attrdomv>
                                        
                    
                    <udom>Beginning grades vary</udom>
                                        
                
                </attrdomv>
                <attrmfrq>As needed</attrmfrq>
            </attr>
            <attr>
                <attrlabl>END_GRADE</attrlabl>
                <attrdef>Ending grade of school</attrdef>
                <attrdefs>NC Department of Public Instruction</attrdefs>
                <attrdomv>
                                        
                    
                    <udom>Ending grades vary</udom>
                                        
                
                </attrdomv>
                <attrmfrq>As needed</attrmfrq>
            </attr>
            <attr>
                <attrlabl>PRE_K</attrlabl>
                <attrdef>Pre-Kindergarten</attrdef>
                <attrdefs>ITRE</attrdefs>
                <attrdomv>
                                        
                    
                    <edom>
                                                
                        
                        <edomv>yes</edomv>
                                                
                        
                        <edomvd>School has Pre-Kindergarten as one of its grades</edomvd>
                                                
                        
                        <edomvds>ITRE</edomvds>
                                                
                    
                    </edom>
                                        
                
                </attrdomv>
                <attrdomv>
                                        
                    
                    <edom>
                                                
                        
                        <edomv>(blank)</edomv>
                                                
                        
                        <edomvd>School does not have Pre-Kindergarten as one of its grades</edomvd>
                                                
                        
                        <edomvds>ITRE</edomvds>
                                                
                    
                    </edom>
                                        
                
                </attrdomv>
                <attrmfrq>As needed</attrmfrq>
            </attr>
            <attr>
                <attrlabl>ELEM</attrlabl>
                <attrdef>Elementary School</attrdef>
                <attrdefs>ITRE</attrdefs>
                <attrdomv>
                                        
                    
                    <edom>
                                                
                        
                        <edomv>yes</edomv>
                                                
                        
                        <edomvd>School contains elementary grades.  This designation is defined by a school that has at least two grades within the range KG-05</edomvd>
                                                
                        
                        <edomvds>ITRE</edomvds>
                                                
                    
                    </edom>
                                        
                
                </attrdomv>
                <attrdomv>
                                        
                    
                    <edom>
                                                
                        
                        <edomv>(blank)</edomv>
                                                
                        
                        <edomvd>School does not contain elementary grades as defined above</edomvd>
                                                
                        
                        <edomvds>ITRE</edomvds>
                                                
                    
                    </edom>
                                        
                
                </attrdomv>
                <attrmfrq>As needed</attrmfrq>
            </attr>
            <attr>
                <attrlabl>MIDDLE</attrlabl>
                <attrdef>Middle School</attrdef>
                <attrdefs>ITRE</attrdefs>
                <attrdomv>
                                        
                    
                    <edom>
                                                
                        
                        <edomv>yes</edomv>
                                                
                        
                        <edomvd>School contains middle school grades.  This designation is defined by a school that has at least two grades within the range 06-08</edomvd>
                                                
                        
                        <edomvds>ITRE</edomvds>
                                                
                    
                    </edom>
                                        
                
                </attrdomv>
                <attrdomv>
                                        
                    
                    <edom>
                                                
                        
                        <edomv>(blank)</edomv>
                                                
                        
                        <edomvd>School does not contain middle school grades as defined above</edomvd>
                                                
                        
                        <edomvds>ITRE</edomvds>
                                                
                    
                    </edom>
                                        
                
                </attrdomv>
                <attrmfrq>As needed</attrmfrq>
            </attr>
            <attr>
                <attrlabl>HIGH</attrlabl>
                <attrdef>High School</attrdef>
                <attrdefs>ITRE</attrdefs>
                <attrdomv>
                                        
                    
                    <edom>
                                                
                        
                        <edomv>yes</edomv>
                                                
                        
                        <edomvd>School contains high school grades.  This designation is defined by a school that has at least two grades within the range 09-12</edomvd>
                                                
                        
                        <edomvds>ITRE</edomvds>
                                                
                    
                    </edom>
                                        
                
                </attrdomv>
                <attrdomv>
                                        
                    
                    <edom>
                                                
                        
                        <edomv>(blank)</edomv>
                                                
                        
                        <edomvd>School does not contain high school grades as defined above</edomvd>
                                                
                        
                        <edomvds>ITRE</edomvds>
                                                
                    
                    </edom>
                                        
                
                </attrdomv>
                <attrmfrq>As needed</attrmfrq>
            </attr>
            <attr>
                <attrlabl>EARLY_COLL</attrlabl>
                <attrdef>Early College</attrdef>
                <attrdefs>ITRE</attrdefs>
                <attrdomv>
                                        
                    
                    <edom>
                                                
                        
                        <edomv>yes</edomv>
                                                
                        
                        <edomvd>School has early college as one of its grades (grade 13)</edomvd>
                                                
                        
                        <edomvds>ITRE</edomvds>
                                                
                    
                    </edom>
                                        
                
                </attrdomv>
                <attrdomv>
                                        
                    
                    <edom>
                                                
                        
                        <edomv>(blank)</edomv>
                                                
                        
                        <edomvd>School does not have early college as one of its grades</edomvd>
                                                
                        
                        <edomvds>ITRE</edomvds>
                                                
                    
                    </edom>
                                        
                
                </attrdomv>
                <attrmfrq>As needed</attrmfrq>
            </attr>
        </detailed>
        <overview>
            <eaover>A point dataset representing school locations.</eaover>
            <eadetcit>None</eadetcit>
        </overview>
    </eainfo>
    <distinfo>
        <distrib>
            <cntinfo>
                <cntorgp>
                    <cntorg>NC Center for Geographic Information and Analysis</cntorg>
                </cntorgp>
                <cntpos>Database Administration</cntpos>
                <cntaddr>
                    <addrtype>mailing</addrtype>
                    <address>20322 Mail Service Center</address>
                    <city>Raleigh</city>
                    <state>North Carolina</state>
                    <postal>27699</postal>
                    <country>U.S.A.</country>
                </cntaddr>
                <cntvoice>919-754-6580</cntvoice>
                <cntfax>919-715-8551</cntfax>
                <cntemail>dataq@its.nc.gov</cntemail>
                <hours>8:30AM - 5:30PM</hours>
                <cntinst>Phone and electronic mail preferred</cntinst>
            </cntinfo>
        </distrib>
        <distliab>NCCGIA is charged with the development and maintenance of NC OneMap and, in cooperation with other mapping organizations, is committed to offering its users accurate, useful, and current information. Although every effort has been made to ensure the accuracy of information, errors and conditions originating from physical sources used to develop this dataset may be reflected in the data supplied. The user must be aware of possible conditions and bear responsibility for the appropriate use of the information with respect to possible errors, original map scale, collection methodology,currency of data, and other conditions specific to certain data. NCCGIA does not support secondary distribution of this dataset without its current, compliant metadata record. The use of trade names or commercial products does not constitute their endorsement by NCCGIA or North Carolina State Government.</distliab>
        <stdorder>
            <digform>
                <digtinfo>
                    <formname>ESRI shapefile (*.shp)</formname>
                </digtinfo>
                <digtopt>
                    <onlinopt/>
                </digtopt>
            </digform>
            <fees>None.</fees>
        </stdorder>
    </distinfo>
    <metainfo>
        <metd>20220523</metd>
        <metc>
            <cntinfo>
                <cntorgp>
                    <cntorg>North Carolina Center for Geographic Information and Analysis</cntorg>
                    <cntper>David Giordano</cntper>
                </cntorgp>
                <cntpos>Database Administration</cntpos>
                <cntaddr>
                    <addrtype>mailing</addrtype>
                    <address>20322 Mail Service Center</address>
                    <city>Raleigh</city>
                    <state>North Carolina</state>
                    <postal>27699</postal>
                    <country>U.S.A.</country>
                </cntaddr>
                <cntvoice>919-754-6580</cntvoice>
                <cntfax>919-715-8551</cntfax>
                <cntemail>dataq@its.nc.gov</cntemail>
                <hours>8am to 5pm</hours>
                <cntinst>Phone and electronic mail preferred</cntinst>
            </cntinfo>
        </metc>
        <metstdn>FGDC Content Standard for Digital Geospatial Metadata</metstdn>
        <metstdv>FGDC-STD-001-1998</metstdv>
        <mettc>local time</mettc>
        <metuc>This metadata file is to accompany the dataset. NCCGIA does not support secondary distribution of this dataset without its current, compliant metadata record. If the dataset described in this metadata record was received from anyone besides NCCGIA, this metadata and the dataset it describes may contain discrepancies.</metuc>
    </metainfo>
</metadata>
